Cara,Krajcik
Sven,Williamson
Donnie,Cummerata
Sierra,Cormier
Beryl,Cole
Dwight,Runolfsdottir
Kenneth,Moen
June,Kovacek
Mark,Dooley
Jewel,Runte
Sigurd,Grady
Hortense,Luettgen
Delphia,Bechtelar
Dariana,Johnson
Liza,Pfeffer
Dasia,Gerhold
Felicia,Luettgen
Paula,Buckridge
Conrad,Satterfield
Wallace,Nitzsche
Delphia,Auer
Elyssa,Runolfsdottir
Kevon,Prohaska
Virginia,Bauch
Nikko,O'Connell
Maymie,O'Reilly
Eleonore,Grant
Nikki,Bernier
Terrance,Collins
Kaycee,Kilback
Cecile,Kilback
Adella,Braun
Alberto,Botsford
Dino,Gottlieb
Green,Bosco
Nelson,Nicolas
Lauretta,Bogan
Luigi,Batz
Tressie,Lind
Janiya,Parisian
Chloe,Mertz
Mabelle,Kessler
Elda,Aufderhar
Wilbert,Vandervort
Juwan,Ankunding
Augustine,Borer
Ashlynn,Roob
Eugene,Ernser
Rusty,Skiles
Jovany,Gottlieb
Benedict,Hessel
Virginie,Nolan
Foster,VonRueden
Terrence,Ullrich
Selena,Little
Audra,Berge
Adrianna,Little
Garfield,VonRueden
Maximillia,Schowalter
Linnea,Kohler
Grayson,Hand
Britney,Marvin
Albina,Vandervort
Mattie,Strosin
Annabelle,Schuster
Terence,Jacobson
Justine,Schuppe
May,Goodwin
Jayden,Hoppe
Nikko,Hirthe
Noelia,Kiehn
Mazie,Wisoky
Breanna,Zulauf
Victor,Brakus
Kyra,Yost
General,Morar
Arnoldo,Bayer
Stanley,Hane
Dewitt,Ankunding
Oren,Frami
Logan,Jast
Cleveland,Berge
Oren,Tromp
Royce,Beatty
Braulio,Kuphal
Louie,Johnson
Adaline,Swaniawski
Terrell,Berge
Tracy,Casper
Velva,Stamm
Dannie,Kunze
August,Gaylord
Toney,Lakin
Willie,Langworth
Denis,Huels
Grayson,Farrell
Berniece,Stanton
Katelynn,Funk
Name,Mraz
Casper,Luettgen
Violette,Schamberger
Bailee,Harber
Leola,Pollich
Emmalee,Keebler
Anne,Oberbrunner
Kylee,Stracke
Heloise,Beahan
Jamal,Borer
Felicity,Leffler
Westley,Hodkiewicz
Catharine,Mayer
Brooks,Howe
Leonard,Jast
Jules,Klein
Mitchell,Greenfelder
Wanda,West
Jakob,Ruecker
Ramona,Friesen
Novella,Goyette
Peggie,Rath
Manley,Kuvalis
Mireya,Welch
Julia,Hayes
Name,McGlynn
Oswaldo,Donnelly
Elvie,Graham
Jacky,Waelchi
Taylor,Rath
Nicholaus,Crist
Colton,VonRueden
Jaylen,Franecki
Paula,Feil
Sabrina,Schowalter
Dena,Murazik
Presley,Hettinger
Myrna,Kohler
Francesco,Funk
Emerson,Renner
Ismael,Kautzer
Belle,Klocko
Jamie,Blick
Douglas,Goldner
Josiah,Nader
Ellsworth,Lakin
Camilla,Heidenreich
Alysha,Heaney
Earnestine,Beer
Tod,Larson
Jasen,Rogahn
Jettie,Hudson
Mekhi,Dach
Mack,Gorczany
Sheridan,Will
Vivien,Kutch
Lionel,Marvin
Jaquelin,Walker
Al,Stokes
Jeanne,Spinka
Estefania,Franecki
Harrison,Rogahn
Maudie,Treutel
Josiane,Lind
Mayra,Rau
Gage,Boehm
Shanie,Schoen
Melody,Keeling
Naomi,Abbott
Golden,Baumbach
Regan,White
Gina,Murazik
Jasper,Ernser
Jaycee,Cormier
Betty,Spencer
Wallace,Schultz
Ludie,Schroeder
Beulah,Hintz
Aubrey,Larson
Christiana,Turner
Madelynn,King
Pearline,Schultz
Serenity,Buckridge
Verdie,Nicolas
Wilfredo,Rodriguez
Spencer,Crona
Linwood,Buckridge
Joaquin,Morar
Earlene,Parker
Jarred,VonRueden
Yolanda,Herman
Faye,Hauck
Alycia,Lebsack
Freda,Robel
Michel,Gutmann
Rosalyn,McClure
Winnifred,Daugherty
Jayne,O'Keefe
Estel,Torp
Carole,Conroy
Enola,Berge
Viviane,Bednar